{
    "qrs": [
        {
            "id": "User ID\t: 1a",
            "position": {
                "x": 2.0,
                "y": 0.0,
                "z": -0.36000001430511477
            },
            "rotation": {
                "x": 0.0,
                "y": 311.9100036621094,
                "z": 0.0
            }
        }
    ]
}